funding_date,from_funder_name,to_project_name,amount,grant_pool_name,metadata
2023-03-01,optimism,fairmint,375000.0,grants_season_3,"{""application_name"": ""Fairmint"", ""application_url"": ""https://gov.optimism.io/t/ready-fairmint-growth-experiments-cycle-11/5508"", ""token_amount"": 250000, ""token_unit"": ""OP"", ""status"": ""Sent"", ""initial_delivery_date"": null, ""op_delivered"": 100000.0, ""intent"": null}"
2023-03-01,optimism,kyber-swap,375000.0,grants_season_3,"{""application_name"": ""KyberSwap"", ""application_url"": ""https://gov.optimism.io/t/ready-gf-phase-1-proposal-kyberswap/4068"", ""token_amount"": 250000, ""token_unit"": ""OP"", ""status"": ""Sent"", ""initial_delivery_date"": null, ""op_delivered"": 100000.0, ""intent"": null}"
2023-03-01,optimism,mux-world,375000.0,grants_season_3,"{""application_name"": ""Mux"", ""application_url"": ""https://gov.optimism.io/t/draft-gf-phase-1-proposal-mux-protocol/5037"", ""token_amount"": 250000, ""token_unit"": ""OP"", ""status"": ""Approved"", ""initial_delivery_date"": null, ""op_delivered"": null, ""intent"": null}"
2023-03-01,optimism,nested,375000.0,grants_season_3,"{""application_name"": ""Nested"", ""application_url"": ""https://gov.optimism.io/t/ready-gf-phase-1-proposal-nested/4965"", ""token_amount"": 250000, ""token_unit"": ""OP"", ""status"": ""Sent"", ""initial_delivery_date"": null, ""op_delivered"": 100000.0, ""intent"": null}"
2023-03-01,optimism,sonne-finance,375000.0,grants_season_3,"{""application_name"": ""Sonne Finance"", ""application_url"": ""https://gov.optimism.io/t/draft-2-gf-phase-1-proposal-sonne-finance/4779"", ""token_amount"": 250000, ""token_unit"": ""OP"", ""status"": ""Sent"", ""initial_delivery_date"": null, ""op_delivered"": 100000.0, ""intent"": null}"
2023-03-01,optimism,thales,375000.0,grants_season_3,"{""application_name"": ""Thales"", ""application_url"": ""https://gov.optimism.io/t/draft-gf-phase-1-proposal-thales/4984"", ""token_amount"": 250000, ""token_unit"": ""OP"", ""status"": ""Sent"", ""initial_delivery_date"": null, ""op_delivered"": 100000.0, ""intent"": null}"
2023-03-01,optimism,via-protocol,375000.0,grants_season_3,"{""application_name"": ""Via Protocol"", ""application_url"": ""https://gov.optimism.io/t/gf-phase-1-proposal-via-protocol/4917"", ""token_amount"": 250000, ""token_unit"": ""OP"", ""status"": ""Sent"", ""initial_delivery_date"": null, ""op_delivered"": 100000.0, ""intent"": null}"
2023-03-01,optimism,rabbithole,372750.0,grants_season_3,"{""application_name"": ""Rabbit Hole"", ""application_url"": ""https://gov.optimism.io/t/draft-gf-phase-1-proposal-rabbithole-quests-on-optimism/5377"", ""token_amount"": 248500, ""token_unit"": ""OP"", ""status"": ""Sent"", ""initial_delivery_date"": null, ""op_delivered"": 99400.0, ""intent"": null}"
2023-03-01,optimism,premiafinance,352500.0,grants_season_3,"{""application_name"": ""Premia"", ""application_url"": ""https://gov.optimism.io/t/draft-gf-phase-1-proposal-premia/5034"", ""token_amount"": 235000, ""token_unit"": ""OP"", ""status"": ""Sent"", ""initial_delivery_date"": null, ""op_delivered"": 94000.0, ""intent"": null}"
2023-03-01,optimism,dforce-network,300000.0,grants_season_3,"{""application_name"": ""dForce"", ""application_url"": ""https://gov.optimism.io/t/draft-gf-cycle-11-proposall-dforce-one-stop-shop-for-defi-solutions-on-optimism/5482"", ""token_amount"": 200000, ""token_unit"": ""OP"", ""status"": ""Sent"", ""initial_delivery_date"": null, ""op_delivered"": 80000.0, ""intent"": null}"
2023-03-01,optimism,galxe,300000.0,grants_season_3,"{""application_name"": ""Galxe (Oat)"", ""application_url"": ""https://gov.optimism.io/t/growth-experiments-grant-optimism-oat-subsidization-on-galxe-cycle-11/5535"", ""token_amount"": 200000, ""token_unit"": ""OP"", ""status"": ""Passed"", ""initial_delivery_date"": null, ""op_delivered"": null, ""intent"": null}"
2023-03-01,optimism,rubicon,300000.0,grants_season_3,"{""application_name"": ""Rubicon"", ""application_url"": ""https://gov.optimism.io/t/gf-phase-1-proposal-rubicon/5068"", ""token_amount"": 200000, ""token_unit"": ""OP"", ""status"": ""Sent"", ""initial_delivery_date"": null, ""op_delivered"": 80000.0, ""intent"": null}"
2023-03-01,optimism,shapeshift,300000.0,grants_season_3,"{""application_name"": ""ShapeShift"", ""application_url"": ""https://gov.optimism.io/t/gf-phase-2-growth-proposal-shapeshift-dao/5568"", ""token_amount"": 200000, ""token_unit"": ""OP"", ""status"": ""Sent"", ""initial_delivery_date"": null, ""op_delivered"": 80000.0, ""intent"": null}"
2023-03-01,optimism,threshold-network,300000.0,grants_season_3,"{""application_name"": ""Threshold"", ""application_url"": ""https://gov.optimism.io/t/draft-gf-phase-1-growth-experiments-grant-btc-holders-bridge-to-ethereum-in-a-trust-minimized-way/5638"", ""token_amount"": 200000, ""token_unit"": ""OP"", ""status"": ""Passed"", ""initial_delivery_date"": null, ""op_delivered"": 80000.0, ""intent"": null}"
2023-03-01,optimism,,225000.0,grants_season_3,"{""application_name"": ""Parcel"", ""application_url"": ""https://gov.optimism.io/t/draft-gf-phase-1-proposal-parcel/5032"", ""token_amount"": 150000, ""token_unit"": ""OP"", ""status"": ""Sent"", ""initial_delivery_date"": null, ""op_delivered"": 60000.0, ""intent"": null}"
2023-03-01,optimism,vesper,112500.0,grants_season_3,"{""application_name"": ""Vesper"", ""application_url"": ""https://gov.optimism.io/t/ready-vesper-finance/5389"", ""token_amount"": 75000, ""token_unit"": ""OP"", ""status"": ""Sent"", ""initial_delivery_date"": null, ""op_delivered"": 30000.0, ""intent"": null}"
2023-03-01,optimism,another-world,75000.0,grants_season_3,"{""application_name"": ""Another World"", ""application_url"": ""https://gov.optimism.io/t/another-world-growth-experiments-cycle-11/5538"", ""token_amount"": 50000, ""token_unit"": ""OP"", ""status"": ""Sent"", ""initial_delivery_date"": null, ""op_delivered"": 20000.0, ""intent"": null}"
2023-03-01,optimism,,75000.0,grants_season_3,"{""application_name"": ""Atomic Links"", ""application_url"": ""https://gov.optimism.io/t/draft-gf-phase-1-proposal-atomic-links/5029"", ""token_amount"": 50000, ""token_unit"": ""OP"", ""status"": ""Sent"", ""initial_delivery_date"": null, ""op_delivered"": 50000.0, ""intent"": null}"
2023-03-01,optimism,bored-town,75000.0,grants_season_3,"{""application_name"": ""Bored Town"", ""application_url"": ""https://gov.optimism.io/t/growth-experiment-bored-town-nft-art-community/5612"", ""token_amount"": 50000, ""token_unit"": ""OP"", ""status"": ""Sent"", ""initial_delivery_date"": null, ""op_delivered"": 20000.0, ""intent"": null}"
2023-03-01,optimism,charmverse,75000.0,grants_season_3,"{""application_name"": ""CharmVerse"", ""application_url"": ""https://gov.optimism.io/t/draft-gf-phase-1-charmverse/5546"", ""token_amount"": 50000, ""token_unit"": ""OP"", ""status"": ""Sent"", ""initial_delivery_date"": null, ""op_delivered"": 50000.0, ""intent"": null}"
2023-03-01,optimism,dm3-protocol,75000.0,grants_season_3,"{""application_name"": ""dm3 Protocol"", ""application_url"": ""https://gov.optimism.io/t/dm3-protocol-messaging-as-a-public-good/5505"", ""token_amount"": 50000, ""token_unit"": ""OP"", ""status"": ""Sent"", ""initial_delivery_date"": null, ""op_delivered"": 50000.0, ""intent"": null}"
2023-03-01,optimism,edgeapp,75000.0,grants_season_3,"{""application_name"": ""Edge Wallet"", ""application_url"": ""https://gov.optimism.io/t/gf-phase-1-proposal-edge-wallet-integration-of-optimism-velodrome-lp-staking-swaps-tarot-lp-staking/3994"", ""token_amount"": 50000, ""token_unit"": ""OP"", ""status"": ""Sent"", ""initial_delivery_date"": null, ""op_delivered"": 50000.0, ""intent"": null}"
2023-03-01,optimism,herodotusdev,75000.0,grants_season_3,"{""application_name"": ""Herodotus"", ""application_url"": ""https://gov.optimism.io/t/cycle-11-herodotus-storage-proofs/5630"", ""token_amount"": 50000, ""token_unit"": ""OP"", ""status"": ""Sent"", ""initial_delivery_date"": null, ""op_delivered"": 50000.0, ""intent"": null}"
2023-03-01,optimism,inverternetwork,75000.0,grants_season_3,"{""application_name"": ""Inverter"", ""application_url"": ""https://gov.optimism.io/t/builders-cycle-11-inverter-network-conditional-streaming-protocol-on-optimism/5623"", ""token_amount"": 50000, ""token_unit"": ""OP"", ""status"": ""Sent"", ""initial_delivery_date"": null, ""op_delivered"": 50000.0, ""intent"": null}"
2023-03-01,optimism,show-karma,75000.0,grants_season_3,"{""application_name"": ""Karma delegate registry"", ""application_url"": ""https://gov.optimism.io/t/draft-gf-phase-1-proposal-karma-delegate-registry/4982"", ""token_amount"": 50000, ""token_unit"": ""OP"", ""status"": ""Sent"", ""initial_delivery_date"": null, ""op_delivered"": 50000.0, ""intent"": null}"
2023-03-01,optimism,opti-domains,75000.0,grants_season_3,"{""application_name"": ""Opti.domains"", ""application_url"": ""https://gov.optimism.io/t/ready-gf-phase-1-proposal-opti-domains-interoperable-domain-name-for-the-op-stack/5510"", ""token_amount"": 50000, ""token_unit"": ""OP"", ""status"": ""Sent"", ""initial_delivery_date"": null, ""op_delivered"": 50000.0, ""intent"": null}"
2023-03-01,optimism,,75000.0,grants_season_3,"{""application_name"": ""Paytrie"", ""application_url"": ""https://gov.optimism.io/t/ready-gf-phase-1-proposal-paytrie-stablecoin-on-off-ramp-in-canada/5380"", ""token_amount"": 50000, ""token_unit"": ""OP"", ""status"": ""Sent"", ""initial_delivery_date"": null, ""op_delivered"": 20000.0, ""intent"": null}"
2023-03-01,optimism,synpress-synthetixio,75000.0,grants_season_3,"{""application_name"": ""Synpress"", ""application_url"": ""https://gov.optimism.io/t/synpress-builders-grant-cycle-11/5578"", ""token_amount"": 50000, ""token_unit"": ""OP"", ""status"": ""Sent"", ""initial_delivery_date"": null, ""op_delivered"": 50000.0, ""intent"": null}"
2023-03-01,optimism,jiffy-labs,69000.0,grants_season_3,"{""application_name"": ""JiffyScan"", ""application_url"": ""https://gov.optimism.io/t/jiffyscan-builder-grant-cycle-11/5562"", ""token_amount"": 46000, ""token_unit"": ""OP"", ""status"": ""Sent"", ""initial_delivery_date"": null, ""op_delivered"": 46000.0, ""intent"": null}"
2023-03-01,optimism,wildcards-protocol,67500.0,grants_season_3,"{""application_name"": ""ENS Wildcard Domains"", ""application_url"": ""https://gov.optimism.io/t/draft-gf-phase-1-proposal-ens-wildcard-domains/5044"", ""token_amount"": 45000, ""token_unit"": ""OP"", ""status"": ""Sent"", ""initial_delivery_date"": null, ""op_delivered"": 45000.0, ""intent"": null}"
2023-03-01,optimism,giveth,60000.0,grants_season_3,"{""application_name"": ""Giveth"", ""application_url"": ""https://gov.optimism.io/t/giveth-growth-experiment/5637"", ""token_amount"": 40000, ""token_unit"": ""OP"", ""status"": ""Sent"", ""initial_delivery_date"": null, ""op_delivered"": null, ""intent"": null}"
2023-03-01,optimism,rotki,60000.0,grants_season_3,"{""application_name"": ""Rotki"", ""application_url"": ""https://gov.optimism.io/t/draft-gf-phase-1-proposal-rotki/5025"", ""token_amount"": 40000, ""token_unit"": ""OP"", ""status"": ""Sent"", ""initial_delivery_date"": null, ""op_delivered"": 40000.0, ""intent"": null}"
2023-03-01,optimism,footprintanalytics,45000.0,grants_season_3,"{""application_name"": ""Footprint Analytics"", ""application_url"": ""https://gov.optimism.io/t/footprint-analytics-optimism-builders-grant-cycle-11/5603"", ""token_amount"": 30000, ""token_unit"": ""OP"", ""status"": ""Sent"", ""initial_delivery_date"": null, ""op_delivered"": 30000.0, ""intent"": null}"
2023-03-01,optimism,shutter-network,45000.0,grants_season_3,"{""application_name"": ""Front running protection"", ""application_url"": ""https://gov.optimism.io/t/draft-gf-phase-1-proposal-front-running-protection-via-shielded-mempool-for-op-stack-using-threshold-encryption/5036"", ""token_amount"": 30000, ""token_unit"": ""OP"", ""status"": ""Sent"", ""initial_delivery_date"": null, ""op_delivered"": 30000.0, ""intent"": null}"
2023-03-01,optimism,metalswap-defi-foundation,45000.0,grants_season_3,"{""application_name"": ""Metalswap"", ""application_url"": ""https://gov.optimism.io/t/metalswap-growth-experiments-grant-cycle-11/5613"", ""token_amount"": 30000, ""token_unit"": ""OP"", ""status"": ""Sent"", ""initial_delivery_date"": null, ""op_delivered"": 12000.0, ""intent"": null}"
2023-03-01,optimism,,45000.0,grants_season_3,"{""application_name"": ""The Optimistic Series"", ""application_url"": ""https://gov.optimism.io/t/draft-gf-phase-1-proposal-the-optimistic-series/4911"", ""token_amount"": 30000, ""token_unit"": ""OP"", ""status"": ""Sent"", ""initial_delivery_date"": null, ""op_delivered"": 30000.0, ""intent"": null}"
2023-03-01,optimism,cliqueofficial,37500.0,grants_season_3,"{""application_name"": ""Clique"", ""application_url"": ""https://gov.optimism.io/t/draft-gf-phase-1-proposal-clique/4980"", ""token_amount"": 25000, ""token_unit"": ""OP"", ""status"": ""Sent"", ""initial_delivery_date"": null, ""op_delivered"": 25000.0, ""intent"": null}"
2023-03-01,optimism,robo-labs,37500.0,grants_season_3,"{""application_name"": ""DeNotify"", ""application_url"": ""https://gov.optimism.io/t/denotify-builder-grant-cycle-11/5480"", ""token_amount"": 25000, ""token_unit"": ""OP"", ""status"": ""Sent"", ""initial_delivery_date"": null, ""op_delivered"": 25000.0, ""intent"": null}"
2023-03-01,optimism,infinity-keys,37500.0,grants_season_3,"{""application_name"": ""Infinity Keys"", ""application_url"": ""https://gov.optimism.io/t/infinity-keys-build-grant-cycle-11/5635"", ""token_amount"": 25000, ""token_unit"": ""OP"", ""status"": ""Sent"", ""initial_delivery_date"": null, ""op_delivered"": 25000.0, ""intent"": null}"
2023-03-01,optimism,metronomo-xyz,33750.0,grants_season_3,"{""application_name"": ""Metronomo"", ""application_url"": ""https://gov.optimism.io/t/draft-gf-phase-1-proposal-metronomo/5021"", ""token_amount"": 22500, ""token_unit"": ""OP"", ""status"": ""Sent"", ""initial_delivery_date"": null, ""op_delivered"": 22500.0, ""intent"": null}"
2023-03-01,optimism,attestation-station-interface-sbvegan,30000.0,grants_season_3,"{""application_name"": ""Attestation Station Interface"", ""application_url"": ""https://gov.optimism.io/t/draft-gf-phase-1-proposal-attestation-station-interface/4827"", ""token_amount"": 20000, ""token_unit"": ""OP"", ""status"": ""Sent"", ""initial_delivery_date"": null, ""op_delivered"": 20000.0, ""intent"": null}"
2023-03-01,optimism,,30000.0,grants_season_3,"{""application_name"": ""Optiland Quests"", ""application_url"": ""https://gov.optimism.io/t/optiland-quests/5425"", ""token_amount"": 20000, ""token_unit"": ""OP"", ""status"": ""Passed"", ""initial_delivery_date"": null, ""op_delivered"": null, ""intent"": null}"
2023-03-01,optimism,airgap-it,27000.0,grants_season_3,"{""application_name"": ""Airgap Wallet"", ""application_url"": ""https://gov.optimism.io/t/ready-builders-cycle-11-integration-of-optimism-into-airgap-vault-airgap-wallet-and-airgap-coin-lib/5402"", ""token_amount"": 18000, ""token_unit"": ""OP"", ""status"": ""Sent"", ""initial_delivery_date"": null, ""op_delivered"": 18000.0, ""intent"": null}"
2023-03-01,optimism,polysensus-chaintrap,15000.0,grants_season_3,"{""application_name"": ""Chaintrap"", ""application_url"": ""https://gov.optimism.io/t/final-chaintrap-builders-cycle-11/5526"", ""token_amount"": 10000, ""token_unit"": ""OP"", ""status"": ""Sent"", ""initial_delivery_date"": null, ""op_delivered"": 10000.0, ""intent"": null}"
2023-03-01,optimism,,15000.0,grants_season_3,"{""application_name"": ""Crypto LDFM"", ""application_url"": ""https://gov.optimism.io/t/draft-gf-phase-1-proposal-crypto-lfdm/5030"", ""token_amount"": 10000, ""token_unit"": ""OP"", ""status"": ""Sent"", ""initial_delivery_date"": null, ""op_delivered"": 4000.0, ""intent"": null}"
2023-03-01,optimism,,3750.0,grants_season_3,"{""application_name"": ""DeFunds"", ""application_url"": ""https://gov.optimism.io/t/gf-phase-1-proposal-defunds-co-decentralized-finance/4912"", ""token_amount"": 2500, ""token_unit"": ""OP"", ""status"": ""Sent"", ""initial_delivery_date"": null, ""op_delivered"": 2500.0, ""intent"": null}"
2023-03-01,optimism,geo-web,3000.0,grants_season_3,"{""application_name"": ""Geo Web"", ""application_url"": ""https://gov.optimism.io/t/geo-web-growth-experiments-cycle-11/5594"", ""token_amount"": 2000, ""token_unit"": ""OP"", ""status"": ""Sent"", ""initial_delivery_date"": null, ""op_delivered"": 800.0, ""intent"": null}"
