,from_funder_name,to_project_name,amount,funding_date,grant_pool_name,metadata
0,clrfund,clrfund,23753.174630014953,07/18/2023,round_9,"{""project_name"": ""clr.fund"", ""project_url"": ""https://twitter.com/clrfund"", ""project_address"": ""0xab6d6a37c5110d1377832c451c33e4fa16a9ba05"", ""funder_address"": ""0x806F08B7DD31fE0267e8c70C4bF8C4BfbBddE760"", ""funding_currency"": ""DAI"", ""funding_network"": ""Arbitrum""}"
1,clrfund,defi-argentina,656.4486978684098,07/18/2023,round_9,"{""project_name"": ""DeFi Argentina"", ""project_url"": ""https://www.defiargentina.org/"", ""project_address"": ""0xe2541201e3c86b8fbbc9bde051506b9a4f4f8e57"", ""funder_address"": ""0x806F08B7DD31fE0267e8c70C4bF8C4BfbBddE760"", ""funding_currency"": ""DAI"", ""funding_network"": ""Arbitrum""}"
2,clrfund,rhino-review,235.16186972013836,07/18/2023,round_9,"{""project_name"": ""Rhino Review"", ""project_url"": ""https://rhinoreview.substack.com/"", ""project_address"": ""0x0e21348ae515f01b019c5b68e45d17c5900ea0f0"", ""funder_address"": ""0x806F08B7DD31fE0267e8c70C4bF8C4BfbBddE760"", ""funding_currency"": ""DAI"", ""funding_network"": ""Arbitrum""}"
3,clrfund,theredguild,89.44643021006284,07/18/2023,round_9,"{""project_name"": ""The Red Guild"", ""project_url"": ""https://theredguild.org/"", ""project_address"": ""0x9159951ce882c7cebac957f5d865a06f866f479f"", ""funder_address"": ""0x806F08B7DD31fE0267e8c70C4bF8C4BfbBddE760"", ""funding_currency"": ""DAI"", ""funding_network"": ""Arbitrum""}"
4,clrfund,ethereum-mexico,199.28770275715553,07/18/2023,round_9,"{""project_name"": ""Ethereum M\u00e9xico"", ""project_url"": ""https://twitter.com/ethereum_mexico"", ""project_address"": ""0xb22981ba3fe1de2325935c91a3b717168fb86714"", ""funder_address"": ""0x806F08B7DD31fE0267e8c70C4bF8C4BfbBddE760"", ""funding_currency"": ""DAI"", ""funding_network"": ""Arbitrum""}"
5,clrfund,ethereum-guatemala,482.36769216790776,07/18/2023,round_9,"{""project_name"": ""Ethereum Guatemala"", ""project_url"": ""https://ethereum.gt/"", ""project_address"": ""0x3b9b334374dadadba62fa88282da029b8ed9e3ea"", ""funder_address"": ""0x806F08B7DD31fE0267e8c70C4bF8C4BfbBddE760"", ""funding_currency"": ""DAI"", ""funding_network"": ""Arbitrum""}"
6,clrfund,bankless-africa,135.85947978573947,07/18/2023,round_9,"{""project_name"": ""Bankless Africa"", ""project_url"": ""https://www.banklessafrica.com//"", ""project_address"": ""0x770a4896d55a566f0ca35ecac1cc27e58abe5516"", ""funder_address"": ""0x806F08B7DD31fE0267e8c70C4bF8C4BfbBddE760"", ""funding_currency"": ""DAI"", ""funding_network"": ""Arbitrum""}"
7,clrfund,nacion-bankless,298.7451779571357,07/18/2023,round_9,"{""project_name"": ""Nacion Bankless"", ""project_url"": ""https://nacionbankless.substack.com/"", ""project_address"": ""0xd31e40b399d515e55b7cd94ffd7eccbbff44282d"", ""funder_address"": ""0x806F08B7DD31fE0267e8c70C4bF8C4BfbBddE760"", ""funding_currency"": ""DAI"", ""funding_network"": ""Arbitrum""}"
8,clrfund,nft-finance-digest,8.336253084344012,07/18/2023,round_9,"{""project_name"": ""NFT Finance Diggest"", ""project_url"": ""https://nftfinancedigest.substack.com/"", ""project_address"": ""0x4a7d419e85b8b51d8beb094dde4157dcabb0ac95"", ""funder_address"": ""0x806F08B7DD31fE0267e8c70C4bF8C4BfbBddE760"", ""funding_currency"": ""DAI"", ""funding_network"": ""Arbitrum""}"
9,clrfund,ethstaker,,07/18/2023,round_9,"{""project_name"": ""EthStaker"", ""project_url"": ""https://ethstaker.cc/"", ""project_address"": ""0x0xd165df4296c85e780509fa1eace0150d945d49fd"", ""funder_address"": ""0x806F08B7DD31fE0267e8c70C4bF8C4BfbBddE760"", ""funding_currency"": ""DAI"", ""funding_network"": ""Arbitrum""}"
10,clrfund,ethereum-venezuela,138.09805188735083,07/18/2023,round_9,"{""project_name"": ""Ethereum Venezuela Community Projects"", ""project_url"": ""https://twitter.com/ETHVenezuela"", ""project_address"": ""0xda3dddae8119644f8be18c7afd16850b02a4c841"", ""funder_address"": ""0x806F08B7DD31fE0267e8c70C4bF8C4BfbBddE760"", ""funding_currency"": ""DAI"", ""funding_network"": ""Arbitrum""}"
11,clrfund,someresatguides,,07/18/2023,round_9,"{""project_name"": ""Somer Esat Ethereum Staking Guides (Ubuntu)"", ""project_url"": ""https://someresat.medium.com/"", ""project_address"": ""0x0x32b74b90407309f6637245292cd90347de658a37"", ""funder_address"": ""0x806F08B7DD31fE0267e8c70C4bF8C4BfbBddE760"", ""funding_currency"": ""DAI"", ""funding_network"": ""Arbitrum""}"
12,clrfund,web3beach,788.2187192697182,07/18/2023,round_9,"{""project_name"": ""web3beach"", ""project_url"": ""https://www.web3beach.io/"", ""project_address"": ""0xefedaf9c07e6eb56bb8f82f30018e4461b1c5f4c"", ""funder_address"": ""0x806F08B7DD31fE0267e8c70C4bF8C4BfbBddE760"", ""funding_currency"": ""DAI"", ""funding_network"": ""Arbitrum""}"
13,clrfund,useweb3,57.986455289967296,07/18/2023,round_9,"{""project_name"": ""userWeb3"", ""project_url"": ""https://www.useweb3.xyz/"", ""project_address"": ""0xa512c3cf9a63715ced87de5058c684cbff9f4321"", ""funder_address"": ""0x806F08B7DD31fE0267e8c70C4bF8C4BfbBddE760"", ""funding_currency"": ""DAI"", ""funding_network"": ""Arbitrum""}"
14,clrfund,refi-medelliedn,184.6789998683074,07/18/2023,round_9,"{""project_name"": ""ReFi Medell\u00edn"", ""project_url"": ""https://linktr.ee/refimedellin"", ""project_address"": ""0x544b3b927d7b199fbc3553531edc8c8a502ba0d7"", ""funder_address"": ""0x806F08B7DD31fE0267e8c70C4bF8C4BfbBddE760"", ""funding_currency"": ""DAI"", ""funding_network"": ""Arbitrum""}"
15,clrfund,fork-dao,1529.3247040285587,07/18/2023,round_9,"{""project_name"": ""Fork DAO"", ""project_url"": ""https://forkdao.vercel.app/"", ""project_address"": ""0x00bfe0c99a593fd686bdcfb2480d6f1acdb157fd"", ""funder_address"": ""0x806F08B7DD31fE0267e8c70C4bF8C4BfbBddE760"", ""funding_currency"": ""DAI"", ""funding_network"": ""Arbitrum""}"
16,clrfund,definomics-labs,330.59577614282074,07/18/2023,round_9,"{""project_name"": ""DeFinomics Labs"", ""project_url"": ""https://www.definomicslabs.xyz/"", ""project_address"": ""0x9390fa8656a161442928b442300358d82bec28b0"", ""funder_address"": ""0x806F08B7DD31fE0267e8c70C4bF8C4BfbBddE760"", ""funding_currency"": ""DAI"", ""funding_network"": ""Arbitrum""}"
17,clrfund,web3afrika,101.84872267850662,07/18/2023,round_9,"{""project_name"": ""Web3 Afrika"", ""project_url"": ""https://www.web3afrika.com/about"", ""project_address"": ""0x4baf3334df86fb791a6df6cf4210c685ab6a1766"", ""funder_address"": ""0x806F08B7DD31fE0267e8c70C4bF8C4BfbBddE760"", ""funding_currency"": ""DAI"", ""funding_network"": ""Arbitrum""}"
18,clrfund,asilodigital,703.6393077598849,07/18/2023,round_9,"{""project_name"": ""Asilo Digital"", ""project_url"": ""https://www.asilodigital.com/"", ""project_address"": ""0xf0e57c78092ef49bbba945279e09939d2b6bb391"", ""funder_address"": ""0x806F08B7DD31fE0267e8c70C4bF8C4BfbBddE760"", ""funding_currency"": ""DAI"", ""funding_network"": ""Arbitrum""}"
19,clrfund,defy-foundation,7462.813366509242,07/18/2023,round_9,"{""project_name"": ""Defy Foundation"", ""project_url"": ""https://defy.foundation/"", ""project_address"": ""0x8bb8b015cce1ea68d6072fc1ee71f6af2b315a88"", ""funder_address"": ""0x806F08B7DD31fE0267e8c70C4bF8C4BfbBddE760"", ""funding_currency"": ""DAI"", ""funding_network"": ""Arbitrum""}"
20,clrfund,bankless-academy,188.12974349365155,07/18/2023,round_9,"{""project_name"": ""Bankless Academy"", ""project_url"": ""https://app.banklessacademy.com/"", ""project_address"": ""0xe1887ff140bfa9d3b45d0b2077b7471124acd242"", ""funder_address"": ""0x806F08B7DD31fE0267e8c70C4bF8C4BfbBddE760"", ""funding_currency"": ""DAI"", ""funding_network"": ""Arbitrum""}"
21,clrfund,ethereum-bolivia,161.86990903205222,07/18/2023,round_9,"{""project_name"": ""Ethereum Bolivia"", ""project_url"": ""https://beacons.ai/ethbolivia"", ""project_address"": ""0x73949c45af294b97d0cc93c0c0565aee6554dc4b"", ""funder_address"": ""0x806F08B7DD31fE0267e8c70C4bF8C4BfbBddE760"", ""funding_currency"": ""DAI"", ""funding_network"": ""Arbitrum""}"
22,clrfund,cryptoversidad,313.0224946732585,07/18/2023,round_9,"{""project_name"": ""Cryptoversidad"", ""project_url"": ""https://cryptoversidad.com/"", ""project_address"": ""0x64fed9e56b548343e7bb47c49ecd7ffa9f1a34fe"", ""funder_address"": ""0x806F08B7DD31fE0267e8c70C4bF8C4BfbBddE760"", ""funding_currency"": ""DAI"", ""funding_network"": ""Arbitrum""}"
23,clrfund,desci-latam,144.6226347573224,07/18/2023,round_9,"{""project_name"": ""DeSci LATAM"", ""project_url"": ""https://descilatam.org/"", ""project_address"": ""0x7dd488f03e0a043b550e82d3c2685aa83b96407c"", ""funder_address"": ""0x806F08B7DD31fE0267e8c70C4bF8C4BfbBddE760"", ""funding_currency"": ""DAI"", ""funding_network"": ""Arbitrum""}"
24,clrfund,cryptoconexion-developer-hub,9.127482013475994,07/18/2023,round_9,"{""project_name"": ""CryptoConexion Developer Hub"", ""project_url"": ""https://cryptoconexion.com/"", ""project_address"": ""0xefe5789f3853e8916acef2d117736618d274782b"", ""funder_address"": ""0x806F08B7DD31fE0267e8c70C4bF8C4BfbBddE760"", ""funding_currency"": ""DAI"", ""funding_network"": ""Arbitrum""}"
25,clrfund,blockathon-dao,,07/18/2023,round_9,"{""project_name"": ""Blockathon DAO"", ""project_url"": ""https://blockathon.xyz/"", ""project_address"": ""0x282c5afa09117b2aed23af72e2de22843eca9023"", ""funder_address"": ""0x806F08B7DD31fE0267e8c70C4bF8C4BfbBddE760"", ""funding_currency"": ""DAI"", ""funding_network"": ""Arbitrum""}"
26,clrfund,unitapapp,6878.400362191386,07/18/2023,round_9,"{""project_name"": ""Unitap"", ""project_url"": ""https://unitap.app/"", ""project_address"": ""0x95f2177022e7b34d84498f2d9dd63a7457ab5793"", ""funder_address"": ""0x806F08B7DD31fE0267e8c70C4bF8C4BfbBddE760"", ""funding_currency"": ""DAI"", ""funding_network"": ""Arbitrum""}"
27,clrfund,protocol-guild,5122.572631280727,07/18/2023,round_9,"{""project_name"": ""Protocol Guild"", ""project_url"": ""https://protocol-guild.readthedocs.io/en/latest/"", ""project_address"": ""0x29031805d0f40e5dcde21a236fb4a69e6e0423b2"", ""funder_address"": ""0x806F08B7DD31fE0267e8c70C4bF8C4BfbBddE760"", ""funding_currency"": ""DAI"", ""funding_network"": ""Arbitrum""}"
28,clrfund,brightid,4256.110484592513,07/18/2023,round_9,"{""project_name"": ""BrightID"", ""project_url"": ""https://www.brightid.org/"", ""project_address"": ""0xdc0046b52e2e38aee2271b6171ebb65ccd337518"", ""funder_address"": ""0x806F08B7DD31fE0267e8c70C4bF8C4BfbBddE760"", ""funding_currency"": ""DAI"", ""funding_network"": ""Arbitrum""}"
29,clrfund,eoa-blockchain-labs,3337.2156767701617,07/18/2023,round_9,"{""project_name"": ""Ethereum On ARM"", ""project_url"": ""https://ethereum-on-arm-documentation.readthedocs.io/"", ""project_address"": ""0x7f06ac71366631157551d97559b82975c293fdba"", ""funder_address"": ""0x806F08B7DD31fE0267e8c70C4bF8C4BfbBddE760"", ""funding_currency"": ""DAI"", ""funding_network"": ""Arbitrum""}"
30,clrfund,eth-latam,2560.925236452187,07/18/2023,round_9,"{""project_name"": ""ETH Kipu (ETH Latam)"", ""project_url"": ""https://ethkipu.org/"", ""project_address"": ""0xa1f8f57237a9f80d46584fcb855dfe7b936bfb01"", ""funder_address"": ""0x806F08B7DD31fE0267e8c70C4bF8C4BfbBddE760"", ""funding_currency"": ""DAI"", ""funding_network"": ""Arbitrum""}"
31,clrfund,solowcripto,2387.7227882186435,07/18/2023,round_9,"{""project_name"": ""Solow"", ""project_url"": ""https://solow.io/"", ""project_address"": ""0x929e1b374fb07486c9a64570e5bda99383f48785"", ""funder_address"": ""0x806F08B7DD31fE0267e8c70C4bF8C4BfbBddE760"", ""funding_currency"": ""DAI"", ""funding_network"": ""Arbitrum""}"
32,clrfund,solarpunk-dao,2302.864656100726,07/18/2023,round_9,"{""project_name"": ""$Earth - Solarpunk DAO"", ""project_url"": ""https://solarpunkdao.earth/"", ""project_address"": ""0xd6b97e042d03edbdc100eb55fbe43eb75f2e3036"", ""funder_address"": ""0x806F08B7DD31fE0267e8c70C4bF8C4BfbBddE760"", ""funding_currency"": ""DAI"", ""funding_network"": ""Arbitrum""}"
33,clrfund,proof-of-integrity,2238.4153707067094,07/18/2023,round_9,"{""project_name"": ""Proof of Integrity"", ""project_url"": ""https://www.proofofintegrity.org/"", ""project_address"": ""0xf21b24e6d87c7e5dec3e419551829f6b39dbb807"", ""funder_address"": ""0x806F08B7DD31fE0267e8c70C4bF8C4BfbBddE760"", ""funding_currency"": ""DAI"", ""funding_network"": ""Arbitrum""}"
34,clrfund,dappnode,2236.9713626424978,07/18/2023,round_9,"{""project_name"": ""Dappnode"", ""project_url"": ""https://dappnode.com/"", ""project_address"": ""0x18ee60706ed150f6e21d020c1cede55e4267f409"", ""funder_address"": ""0x806F08B7DD31fE0267e8c70C4bF8C4BfbBddE760"", ""funding_currency"": ""DAI"", ""funding_network"": ""Arbitrum""}"
35,clrfund,ethereum-honduras,1897.520777372671,07/18/2023,round_9,"{""project_name"": ""Empowering Ethereum Tegucigalpa Community"", ""project_url"": ""http://ethereumhonduras.org/"", ""project_address"": ""0x7519cdda3bb7153a1fc8521274a714e8de264f01"", ""funder_address"": ""0x806F08B7DD31fE0267e8c70C4bF8C4BfbBddE760"", ""funding_currency"": ""DAI"", ""funding_network"": ""Arbitrum""}"
36,clrfund,rotki,1416.5614355584123,07/18/2023,round_9,"{""project_name"": ""rotki"", ""project_url"": ""https://rotki.com/"", ""project_address"": ""0x9531c059098e3d194ff87febb587ab07b30b1306"", ""funder_address"": ""0x806F08B7DD31fE0267e8c70C4bF8C4BfbBddE760"", ""funding_currency"": ""DAI"", ""funding_network"": ""Arbitrum""}"
37,clrfund,ethereum-lima,1329.7107838416796,07/18/2023,round_9,"{""project_name"": ""Ethereum Lima"", ""project_url"": ""https://ethlima.org/"", ""project_address"": ""0x4edfc38ea9e06776ae63fc3c7266f0fbee2907d5"", ""funder_address"": ""0x806F08B7DD31fE0267e8c70C4bF8C4BfbBddE760"", ""funding_currency"": ""DAI"", ""funding_network"": ""Arbitrum""}"
38,clrfund,layer2es,1203.4370650822004,07/18/2023,round_9,"{""project_name"": ""L2 en Espa\u00f1ol"", ""project_url"": ""https://linktr.ee/layer2es"", ""project_address"": ""0x6e13e96442af27653b1801ce6fb8edcf7486fba7"", ""funder_address"": ""0x806F08B7DD31fE0267e8c70C4bF8C4BfbBddE760"", ""funding_currency"": ""DAI"", ""funding_network"": ""Arbitrum""}"
39,clrfund,zenbiteth,840.6468718223217,07/18/2023,round_9,"{""project_name"": ""Supercities"", ""project_url"": ""https://zenbit.mx/"", ""project_address"": ""0xecb4c1245665e8a1f43826355aab0dd6bf336e05"", ""funder_address"": ""0x806F08B7DD31fE0267e8c70C4bF8C4BfbBddE760"", ""funding_currency"": ""DAI"", ""funding_network"": ""Arbitrum""}"
40,clrfund,ethereumsanpedrosula,820.9865735346082,07/18/2023,round_9,"{""project_name"": ""Ethereum San Pedo Sula"", ""project_url"": ""http://ethereumsanpedrosula.org/"", ""project_address"": ""0xa395b736edfc457bfb4cb6f0ee6cfdc4733a1473"", ""funder_address"": ""0x806F08B7DD31fE0267e8c70C4bF8C4BfbBddE760"", ""funding_currency"": ""DAI"", ""funding_network"": ""Arbitrum""}"
41,clrfund,ethers-io,624.2050147232818,07/18/2023,round_9,"{""project_name"": ""ethers.js"", ""project_url"": ""https://ethers.org/"", ""project_address"": ""0x8ba1f109551bd432803012645ac136ddd64dba72"", ""funder_address"": ""0x806F08B7DD31fE0267e8c70C4bF8C4BfbBddE760"", ""funding_currency"": ""DAI"", ""funding_network"": ""Arbitrum""}"
42,clrfund,otterscan,511.94776828833506,07/18/2023,round_9,"{""project_name"": ""Otterscan"", ""project_url"": ""https://twitter.com/otterscan"", ""project_address"": ""0x35d1a101e55da0c641e9379f2e4dfa3e2ae7f37b"", ""funder_address"": ""0x806F08B7DD31fE0267e8c70C4bF8C4BfbBddE760"", ""funding_currency"": ""DAI"", ""funding_network"": ""Arbitrum""}"
43,clrfund,etheralpha,456.85290694038264,07/18/2023,round_9,"{""project_name"": ""Ether Alpha"", ""project_url"": ""https://etheralpha.org/"", ""project_address"": ""0x0194325bf525be0d4fbb0856894ced74da3b8356"", ""funder_address"": ""0x806F08B7DD31fE0267e8c70C4bF8C4BfbBddE760"", ""funding_currency"": ""DAI"", ""funding_network"": ""Arbitrum""}"
44,clrfund,herdaolatam,409.92369414180865,07/18/2023,round_9,"{""project_name"": ""HER Latam"", ""project_url"": ""https://herdaolatam.xyz/"", ""project_address"": ""0x5d36a202687fd6bd0f670545334bf0b4827cc1e2"", ""funder_address"": ""0x806F08B7DD31fE0267e8c70C4bF8C4BfbBddE760"", ""funding_currency"": ""DAI"", ""funding_network"": ""Arbitrum""}"
45,clrfund,minerva.digital,417.8032683341233,07/18/2023,round_9,"{""project_name"": ""Minerva Wallet"", ""project_url"": ""https://minerva.digital/"", ""project_address"": ""0xb2e361c338aa028668cc6327efd6799518c3c5d4"", ""funder_address"": ""0x806F08B7DD31fE0267e8c70C4bF8C4BfbBddE760"", ""funding_currency"": ""DAI"", ""funding_network"": ""Arbitrum""}"
46,clrfund,stereum.net,313.97723798523737,07/18/2023,round_9,"{""project_name"": ""Stereum"", ""project_url"": ""https://stereum.net/"", ""project_address"": ""0x81d30bf2047cc5ee5f903cc00594edc8d5018d31"", ""funder_address"": ""0x806F08B7DD31fE0267e8c70C4bF8C4BfbBddE760"", ""funding_currency"": ""DAI"", ""funding_network"": ""Arbitrum""}"
47,clrfund,ethcolombia,275.92929647746627,07/18/2023,round_9,"{""project_name"": ""Ethereum Colombia"", ""project_url"": ""https://ethcolombia.co/"", ""project_address"": ""0xd164af956e0f34be07a86752fe43ae788f647531"", ""funder_address"": ""0x806F08B7DD31fE0267e8c70C4bF8C4BfbBddE760"", ""funding_currency"": ""DAI"", ""funding_network"": ""Arbitrum""}"
48,clrfund,blockscout,256.80702605503785,07/18/2023,round_9,"{""project_name"": ""Blockscout"", ""project_url"": ""https://www.blockscout.com/"", ""project_address"": ""0xbbe45e49e5a0298f525c7f5e364f1c900cd1a086"", ""funder_address"": ""0x806F08B7DD31fE0267e8c70C4bF8C4BfbBddE760"", ""funding_currency"": ""DAI"", ""funding_network"": ""Arbitrum""}"
49,clrfund,trueblocks,251.75310016040973,07/18/2023,round_9,"{""project_name"": ""TrueBlocks"", ""project_url"": ""https://trueblocks.io/"", ""project_address"": ""0xf503017d7baf7fbc0fff7492b751025c6a78179b"", ""funder_address"": ""0x806F08B7DD31fE0267e8c70C4bF8C4BfbBddE760"", ""funding_currency"": ""DAI"", ""funding_network"": ""Arbitrum""}"
50,clrfund,fundpg,219.18985355858973,07/18/2023,round_9,"{""project_name"": ""FundPG"", ""project_url"": ""https://fundpg.xyz/about"", ""project_address"": ""0x12a5dcabbfaf963db743377937b3ca00308600f2"", ""funder_address"": ""0x806F08B7DD31fE0267e8c70C4bF8C4BfbBddE760"", ""funding_currency"": ""DAI"", ""funding_network"": ""Arbitrum""}"
51,clrfund,eth-limo,219.09149200491717,07/18/2023,round_9,"{""project_name"": ""Ethereum Dominicana"", ""project_url"": ""https://ethdom.eth.limo/"", ""project_address"": ""0xa9ac44f20dd34b183062f83788c44b6b060a7e3d"", ""funder_address"": ""0x806F08B7DD31fE0267e8c70C4bF8C4BfbBddE760"", ""funding_currency"": ""DAI"", ""funding_network"": ""Arbitrum""}"
52,clrfund,aestus-relay,200.28057839226736,07/18/2023,round_9,"{""project_name"": ""Aestus Relay"", ""project_url"": ""https://aestus.live/"", ""project_address"": ""0x9be3570f5454fd668673feb9c43805c533e53ffd"", ""funder_address"": ""0x806F08B7DD31fE0267e8c70C4bF8C4BfbBddE760"", ""funding_currency"": ""DAI"", ""funding_network"": ""Arbitrum""}"
53,clrfund,0xsmoothly,177.43245428717887,07/18/2023,round_9,"{""project_name"": ""Smoothly Protocol"", ""project_url"": ""https://0xsmoothly.notion.site/"", ""project_address"": ""0xb645ea519d3bb18a03eb0e059e5f6a70a793b4fc"", ""funder_address"": ""0x806F08B7DD31fE0267e8c70C4bF8C4BfbBddE760"", ""funding_currency"": ""DAI"", ""funding_network"": ""Arbitrum""}"
54,clrfund,signless,173.6732332126383,07/18/2023,round_9,"{""project_name"": ""Signless"", ""project_url"": ""https://signless.xyz/"", ""project_address"": ""0x9b1703640907dfa85539eb5297938658204e6b56"", ""funder_address"": ""0x806F08B7DD31fE0267e8c70C4bF8C4BfbBddE760"", ""funding_currency"": ""DAI"", ""funding_network"": ""Arbitrum""}"
55,clrfund,ethparaguay,167.62113743171673,07/18/2023,round_9,"{""project_name"": ""Ethereum Paraguay"", ""project_url"": ""https://twitter.com/ethparaguay"", ""project_address"": ""0x0374f0273e01841f594a4c0becdf7bfbd9b13a42"", ""funder_address"": ""0x806F08B7DD31fE0267e8c70C4bF8C4BfbBddE760"", ""funding_currency"": ""DAI"", ""funding_network"": ""Arbitrum""}"
56,clrfund,lexdao,163.34872384626564,07/18/2023,round_9,"{""project_name"": ""Kali"", ""project_url"": ""https://www.kali.gg/"", ""project_address"": ""0xfc7e9192d6079b631c9d2e46ae241a9ae121ded0"", ""funder_address"": ""0x806F08B7DD31fE0267e8c70C4bF8C4BfbBddE760"", ""funding_currency"": ""DAI"", ""funding_network"": ""Arbitrum""}"
57,clrfund,criptocuriosas,154.34333469825953,07/18/2023,round_9,"{""project_name"": ""CriptoCuriosas"", ""project_url"": ""https://www.criptocuriosas.com/"", ""project_address"": ""0x09479f367332f8f54e38e6415f3892b10bd7bb64"", ""funder_address"": ""0x806F08B7DD31fE0267e8c70C4bF8C4BfbBddE760"", ""funding_currency"": ""DAI"", ""funding_network"": ""Arbitrum""}"
58,clrfund,prepchain,145.11917444372187,07/18/2023,round_9,"{""project_name"": ""Proof of Renewable Electricity Production (PREPchain)"", ""project_url"": ""https://prepchain.net/"", ""project_address"": ""0xc15677aba8826e78266ff32d3b4bb4bcc8cd9b19"", ""funder_address"": ""0x806F08B7DD31fE0267e8c70C4bF8C4BfbBddE760"", ""funding_currency"": ""DAI"", ""funding_network"": ""Arbitrum""}"
59,clrfund,refitulum,104.99757361309312,07/18/2023,round_9,"{""project_name"": ""ReFi Tulum"", ""project_url"": ""https://refitulum.io/"", ""project_address"": ""0x3fb0d1e89693b8709de60d835452a4712d1c9b04"", ""funder_address"": ""0x806F08B7DD31fE0267e8c70C4bF8C4BfbBddE760"", ""funding_currency"": ""DAI"", ""funding_network"": ""Arbitrum""}"
60,clrfund,impersonator-eth,100.42023374359044,07/18/2023,round_9,"{""project_name"": ""Impersonator"", ""project_url"": ""https://impersonator.xyz/"", ""project_address"": ""0x63a556c75443b176b5a4078e929e38beb37a1ff2"", ""funder_address"": ""0x806F08B7DD31fE0267e8c70C4bF8C4BfbBddE760"", ""funding_currency"": ""DAI"", ""funding_network"": ""Arbitrum""}"
61,clrfund,mujeresencrypto,76.43790514043324,07/18/2023,round_9,"{""project_name"": ""Mujeres en Crypto"", ""project_url"": ""https://linktr.ee/mujeresencrypto"", ""project_address"": ""0xc7ea70d8cae90bfc61f85922bdc9cc14d02209e3"", ""funder_address"": ""0x806F08B7DD31fE0267e8c70C4bF8C4BfbBddE760"", ""funding_currency"": ""DAI"", ""funding_network"": ""Arbitrum""}"
62,clrfund,cryptolaburos,70.77438170145962,07/18/2023,round_9,"{""project_name"": ""Cryptolaburos"", ""project_url"": ""https://twitter.com/cryptolaburos"", ""project_address"": ""0xdf12a1cd9beb84896c49c156eae6492a0737cd44"", ""funder_address"": ""0x806F08B7DD31fE0267e8c70C4bF8C4BfbBddE760"", ""funding_currency"": ""DAI"", ""funding_network"": ""Arbitrum""}"
63,clrfund,7energy,417.8032683341233,07/18/2023,round_9,"{""project_name"": ""7Energy - Energy Communities without Banks"", ""project_url"": ""https://7energy.at/"", ""project_address"": ""0xb2e361c338aa028668cc6327efd6799518c3c5d4"", ""funder_address"": ""0x806F08B7DD31fE0267e8c70C4bF8C4BfbBddE760"", ""funding_currency"": ""DAI"", ""funding_network"": ""Arbitrum""}"
64,clrfund,protobox-xyz,50.047895644302464,07/18/2023,round_9,"{""project_name"": ""Protobox.xyz"", ""project_url"": ""https://www.protobox.xyz/"", ""project_address"": ""0x361f732eba09fb99fd38b650e90a4ac6d9cc63c3"", ""funder_address"": ""0x806F08B7DD31fE0267e8c70C4bF8C4BfbBddE760"", ""funding_currency"": ""DAI"", ""funding_network"": ""Arbitrum""}"
65,clrfund,banklessimn,43.50072884256615,07/18/2023,round_9,"{""project_name"": ""International Media Nodes (IMN)"", ""project_url"": ""https://banklessimn.com/"", ""project_address"": ""0x28fa6fed41a82e7d902d1cd66f836de64a5d396b"", ""funder_address"": ""0x806F08B7DD31fE0267e8c70C4bF8C4BfbBddE760"", ""funding_currency"": ""DAI"", ""funding_network"": ""Arbitrum""}"
66,clrfund,geo-web,35.15006856542135,07/18/2023,round_9,"{""project_name"": ""Geo Web"", ""project_url"": ""https://geoweb.network/"", ""project_address"": ""0xde798cd9c53f4806b9cc7dd27adf7c641540167c"", ""funder_address"": ""0x806F08B7DD31fE0267e8c70C4bF8C4BfbBddE760"", ""funding_currency"": ""DAI"", ""funding_network"": ""Arbitrum""}"
67,clrfund,wild-friends,32.71468396388762,07/18/2023,round_9,"{""project_name"": ""Wild Friends"", ""project_url"": ""https://wildfriends.xyz/"", ""project_address"": ""0x67bb1a9c36405a9e5e307d165e978d3564217e94"", ""funder_address"": ""0x806F08B7DD31fE0267e8c70C4bF8C4BfbBddE760"", ""funding_currency"": ""DAI"", ""funding_network"": ""Arbitrum""}"
68,clrfund,lexdao,30.60413250815821,07/18/2023,round_9,"{""project_name"": ""LexDAO interactive AI Chatbot"", ""project_url"": ""https://lexdao.coop/"", ""project_address"": ""0x966a4b9d5d2e01799170a0865c2d1cbbc1904163"", ""funder_address"": ""0x806F08B7DD31fE0267e8c70C4bF8C4BfbBddE760"", ""funding_currency"": ""DAI"", ""funding_network"": ""Arbitrum""}"
69,clrfund,,28.561428842164535,07/18/2023,round_9,"{""project_name"": ""NFT Wallet Tracker"", ""project_url"": ""https://dune.com/jacekt/nft-moolah-manager-track-your-nft-profits-and-losses"", ""project_address"": ""0xee6fb338e75c43cc9153ff86600700459e9871da"", ""funder_address"": ""0x806F08B7DD31fE0267e8c70C4bF8C4BfbBddE760"", ""funding_currency"": ""DAI"", ""funding_network"": ""Arbitrum""}"
70,clrfund,citizenwallet,26.35774585993156,07/18/2023,round_9,"{""project_name"": ""Citizen Wallet"", ""project_url"": ""https://citizenwallet.xyz/"", ""project_address"": ""0xc6be3f50b0b8aac7d8f319571b976d783a97a0f0"", ""funder_address"": ""0x806F08B7DD31fE0267e8c70C4bF8C4BfbBddE760"", ""funding_currency"": ""DAI"", ""funding_network"": ""Arbitrum""}"
71,clrfund,ens-redirect,22.09444531467121,07/18/2023,round_9,"{""project_name"": ""ENSRedirect"", ""project_url"": ""https://ensredirect.xyz/"", ""project_address"": ""0x81ebe8ee7b51741fd5dad31f6987e626a9bb8111"", ""funder_address"": ""0x806F08B7DD31fE0267e8c70C4bF8C4BfbBddE760"", ""funding_currency"": ""DAI"", ""funding_network"": ""Arbitrum""}"
72,clrfund,whatsabi-shazow,20.35043399795956,07/18/2023,round_9,"{""project_name"": ""WhatsABI"", ""project_url"": ""https://github.com/shazow/whatsabi"", ""project_address"": ""0x961aa96febee5465149a0787b03bfa14d8e9033f"", ""funder_address"": ""0x806F08B7DD31fE0267e8c70C4bF8C4BfbBddE760"", ""funding_currency"": ""DAI"", ""funding_network"": ""Arbitrum""}"
73,clrfund,atlantis-world-core,15.847182501820868,07/18/2023,round_9,"{""project_name"": ""Atlantis"", ""project_url"": ""https://www.atlantians.world/"", ""project_address"": ""0x405267881f8ffca3e06bcfacbcef0fe8c8119714"", ""funder_address"": ""0x806F08B7DD31fE0267e8c70C4bF8C4BfbBddE760"", ""funding_currency"": ""DAI"", ""funding_network"": ""Arbitrum""}"
74,clrfund,prettier-solidity,5.922425752516828,07/18/2023,round_9,"{""project_name"": ""Prettier Solidity"", ""project_url"": ""https://github.com/prettier-solidity/prettier-plugin-solidity"", ""project_address"": ""0xfc756d8632a19cebd76560ce0a6967279e32131b"", ""funder_address"": ""0x806F08B7DD31fE0267e8c70C4bF8C4BfbBddE760"", ""funding_currency"": ""DAI"", ""funding_network"": ""Arbitrum""}"
75,clrfund,ladreammachine,2.99209,07/18/2023,round_9,"{""project_name"": ""La Dream Machine"", ""project_url"": ""https://ladreammachine.substack.com/"", ""project_address"": ""0xdbb74bb17992fc6e9acc802eb2d4d99a56918120"", ""funder_address"": ""0x806F08B7DD31fE0267e8c70C4bF8C4BfbBddE760"", ""funding_currency"": ""DAI"", ""funding_network"": ""Arbitrum""}"
76,clrfund,jobstash,1.99809,07/18/2023,round_9,"{""project_name"": ""JobStash"", ""project_url"": ""https://jobstash.xyz/"", ""project_address"": ""0xaa163c47065c22d17ed1c47e3e244337d2056c17"", ""funder_address"": ""0x806F08B7DD31fE0267e8c70C4bF8C4BfbBddE760"", ""funding_currency"": ""DAI"", ""funding_network"": ""Arbitrum""}"
77,clrfund,ethcali,,07/18/2023,round_9,"{""project_name"": ""ETH PACIFICO"", ""project_url"": ""https://github.com/ethcali"", ""project_address"": ""0x55c9fbf09c056acac807cd674e34f1f8df0e711d"", ""funder_address"": ""0x806F08B7DD31fE0267e8c70C4bF8C4BfbBddE760"", ""funding_currency"": ""DAI"", ""funding_network"": ""Arbitrum""}"
78,clrfund,candide-labs,,07/18/2023,round_9,"{""project_name"": ""Candide Labs"", ""project_url"": ""https://github.com/candidelabs/"", ""project_address"": ""0xc52fbf3769056ca421656b9c98b14a453a251a28"", ""funder_address"": ""0x806F08B7DD31fE0267e8c70C4bF8C4BfbBddE760"", ""funding_currency"": ""DAI"", ""funding_network"": ""Arbitrum""}"
79,clrfund,womenbiz,,07/18/2023,round_9,"{""project_name"": ""Women Biz"", ""project_url"": ""https://hiwomenbiz.com/"", ""project_address"": ""0xe5df6a208ee99f3d7516d3f6f97416e7b402aeaf"", ""funder_address"": ""0x806F08B7DD31fE0267e8c70C4bF8C4BfbBddE760"", ""funding_currency"": ""DAI"", ""funding_network"": ""Arbitrum""}"
